cdr_id,subscriber_id,detected_leakage_type,detection_method,detection_confidence,detected_at
881d536d-9261-4af2-b7bc-57ddd5150c39,1003,L13_timestamp_fraud,sql_rule,1,31/03/2026 19:12:50
8b44d018-7df6-4d0a-b11b-c8d13dd41710,1005,L13_timestamp_fraud,sql_rule,1,31/03/2026 19:12:50
f4212408-ee84-41b6-ad49-3ac6875d18f7,1008,L13_timestamp_fraud,sql_rule,1,31/03/2026 19:12:50
bb34326d-780f-47b5-a479-7f07baed7ba9,1010,L13_timestamp_fraud,sql_rule,1,31/03/2026 19:12:50
8d066c29-9dc5-41d9-9f59-cfc194ba9b82,1010,L13_timestamp_fraud,sql_rule,1,31/03/2026 19:12:50
46395d9e-7bcf-4f13-988d-1054b128095e,1013,L13_timestamp_fraud,sql_rule,1,31/03/2026 19:12:50
2de34044-ab2c-49b6-99c4-46a822c0b975,1022,L13_timestamp_fraud,sql_rule,1,31/03/2026 19:12:50
9e618b2a-ee77-40c9-a26f-bfed84b3cf78,1023,L13_timestamp_fraud,sql_rule,1,31/03/2026 19:12:50
92954628-ae83-4d28-bc4c-0ecd483e2919,1026,L13_timestamp_fraud,sql_rule,1,31/03/2026 19:12:50
722262c0-35ec-4336-8092-7e30e97ecb84,1027,L13_timestamp_fraud,sql_rule,1,31/03/2026 19:12:50
e07b6c27-aea0-4f4c-ae86-eeea2721b762,1028,L13_timestamp_fraud,sql_rule,1,31/03/2026 19:12:50
e02c2e00-adc7-4159-be9a-c570e3cf1bb3,1028,L13_timestamp_fraud,sql_rule,1,31/03/2026 19:12:50
c7f4639d-85b4-4ac7-aaf2-8863b93d5b0c,1029,L13_timestamp_fraud,sql_rule,1,31/03/2026 19:12:50
f22faa5f-47c5-4928-b970-e97d3fa4ad5f,1030,L13_timestamp_fraud,sql_rule,1,31/03/2026 19:12:50
f8abfd90-e9b8-4095-adb2-f7521b13deb8,1030,L13_timestamp_fraud,sql_rule,1,31/03/2026 19:12:50
f80a66ea-3102-44b1-8d10-39fb2d92344c,1031,L13_timestamp_fraud,sql_rule,1,31/03/2026 19:12:50
258e330e-56fb-4b66-90c8-2580aa2f33b7,1032,L13_timestamp_fraud,sql_rule,1,31/03/2026 19:12:50
b408400f-a76c-45ae-a3ce-28227650830b,1034,L13_timestamp_fraud,sql_rule,1,31/03/2026 19:12:50
b42447d0-f400-48c0-ba9f-1df3fbe64a9c,1038,L13_timestamp_fraud,sql_rule,1,31/03/2026 19:12:50
e0af5eea-842d-4d81-8bf4-8b21d4118af9,1039,L13_timestamp_fraud,sql_rule,1,31/03/2026 19:12:50
d9c725ac-28ce-4bea-9bcb-dcd9cf803e47,1039,L13_timestamp_fraud,sql_rule,1,31/03/2026 19:12:50
48521c17-21b7-4c9c-bd14-4852c9e41043,1043,L13_timestamp_fraud,sql_rule,1,31/03/2026 19:12:50
bd32fa9c-0a72-4f74-827b-8a91f6074c51,1045,L13_timestamp_fraud,sql_rule,1,31/03/2026 19:12:50
500d3171-87a0-4c75-8af0-6e703c1cd817,1046,L13_timestamp_fraud,sql_rule,1,31/03/2026 19:12:50
7ae6d199-6188-45da-b6a4-d0a80fadebe3,1048,L13_timestamp_fraud,sql_rule,1,31/03/2026 19:12:50
12fb8908-dc1c-4c5e-9275-99ae6a5682c0,1049,L13_timestamp_fraud,sql_rule,1,31/03/2026 19:12:50
043a5d20-253d-41c4-9ee5-1bc914d3db36,1050,L13_timestamp_fraud,sql_rule,1,31/03/2026 19:12:50
da58c561-df6b-4674-b00e-e88b7701d341,1055,L13_timestamp_fraud,sql_rule,1,31/03/2026 19:12:50
f2a339a5-5fd7-41d9-8159-419e408d82d6,1056,L13_timestamp_fraud,sql_rule,1,31/03/2026 19:12:50
5c05ae48-2493-4196-bde6-abb804362e15,1062,L13_timestamp_fraud,sql_rule,1,31/03/2026 19:12:50
da154368-5ea5-400a-be4c-47233cdba14f,1064,L13_timestamp_fraud,sql_rule,1,31/03/2026 19:12:50
ed3f607c-de7b-4856-8e82-add57f94e6d4,1066,L13_timestamp_fraud,sql_rule,1,31/03/2026 19:12:50
acceb451-77f8-49bd-8d54-7ecf60d935dc,1067,L13_timestamp_fraud,sql_rule,1,31/03/2026 19:12:50
5f9ec26a-7116-4cde-a489-931370794020,1068,L13_timestamp_fraud,sql_rule,1,31/03/2026 19:12:50
568e2ad5-a493-47d8-8439-5acbf7d5fcd2,1070,L13_timestamp_fraud,sql_rule,1,31/03/2026 19:12:50
77167a63-28cc-4945-a69a-77946da58b83,1075,L13_timestamp_fraud,sql_rule,1,31/03/2026 19:12:50
c7d9e43d-7dc5-48a6-ac36-6f4421c02e2f,1077,L13_timestamp_fraud,sql_rule,1,31/03/2026 19:12:50
390b2f8a-f58f-4169-87bf-998bc4d95278,1078,L13_timestamp_fraud,sql_rule,1,31/03/2026 19:12:50
fff8df91-6649-4578-bc12-9172bb354911,1078,L13_timestamp_fraud,sql_rule,1,31/03/2026 19:12:50
30a15cc1-ca35-4e11-bbed-cb67551ab71e,1085,L13_timestamp_fraud,sql_rule,1,31/03/2026 19:12:50
d2aaceec-d5db-4c72-8009-9b03771e59e7,1086,L13_timestamp_fraud,sql_rule,1,31/03/2026 19:12:50
9a1739b1-b3bf-4a12-a634-f6d75dc22176,1089,L13_timestamp_fraud,sql_rule,1,31/03/2026 19:12:50
f29f5de3-e675-4708-a436-30309778c969,1090,L13_timestamp_fraud,sql_rule,1,31/03/2026 19:12:50
cf6e7d79-b303-4f42-9ed7-b7bd6a05e94d,1104,L13_timestamp_fraud,sql_rule,1,31/03/2026 19:12:50
0caa474f-9cb4-4257-8659-f8d659b7f18d,1114,L13_timestamp_fraud,sql_rule,1,31/03/2026 19:12:50
0fcad85e-99d1-4898-9b57-fbffdd8e9ec7,1115,L13_timestamp_fraud,sql_rule,1,31/03/2026 19:12:50
641ee7a2-91c6-4f19-8d5e-ca22a00b3a40,1120,L13_timestamp_fraud,sql_rule,1,31/03/2026 19:12:50
8b40d883-ceec-4de2-8d40-26fd32733297,1129,L13_timestamp_fraud,sql_rule,1,31/03/2026 19:12:50
84ba1947-0e5d-40c5-9a21-91e2fadf87ab,1129,L13_timestamp_fraud,sql_rule,1,31/03/2026 19:12:50
873f4b08-9489-4e67-a5bf-3b3438684c93,1131,L13_timestamp_fraud,sql_rule,1,31/03/2026 19:12:50
51b11b62-6b63-4845-8e01-b277a769aadc,1132,L13_timestamp_fraud,sql_rule,1,31/03/2026 19:12:50
a899420f-5b31-46f9-a32e-ec02ae760b5c,1133,L13_timestamp_fraud,sql_rule,1,31/03/2026 19:12:50
e505ecf6-be03-46e2-85b8-903c1c82b00a,1134,L13_timestamp_fraud,sql_rule,1,31/03/2026 19:12:50
41d24cf0-21d4-4f56-8e28-d3ae028b3e96,1140,L13_timestamp_fraud,sql_rule,1,31/03/2026 19:12:50
c521e8a5-5eea-4389-a561-75810fd8b7ed,1144,L13_timestamp_fraud,sql_rule,1,31/03/2026 19:12:50
bc29fc37-70d8-471d-a531-dde2ff9fc480,1144,L13_timestamp_fraud,sql_rule,1,31/03/2026 19:12:50
cfb0c0ad-5d90-48c0-9f32-37d5bc262233,1145,L13_timestamp_fraud,sql_rule,1,31/03/2026 19:12:50
66ca2bea-e5e0-4ebf-b360-920b10260a9a,1149,L13_timestamp_fraud,sql_rule,1,31/03/2026 19:12:50
ed160731-8789-4560-8fa9-39d2009b6339,1149,L13_timestamp_fraud,sql_rule,1,31/03/2026 19:12:50
59063045-8e8d-4d0c-9157-47451b59a678,1150,L13_timestamp_fraud,sql_rule,1,31/03/2026 19:12:50
7407172a-8608-4967-9c6f-84d5f398fc4c,1152,L13_timestamp_fraud,sql_rule,1,31/03/2026 19:12:50
686d133e-03e9-44fa-ac6b-e40c8a6f30bb,1152,L13_timestamp_fraud,sql_rule,1,31/03/2026 19:12:50
c3014233-c04e-405b-9f86-f692a860bd52,1157,L13_timestamp_fraud,sql_rule,1,31/03/2026 19:12:50
2baf75d4-b6ac-43b8-a626-9c98b8df7e98,1164,L13_timestamp_fraud,sql_rule,1,31/03/2026 19:12:50
0eeae416-ce8a-4137-ae15-74103252914a,1164,L13_timestamp_fraud,sql_rule,1,31/03/2026 19:12:50
91b2d248-7374-4b39-a86e-df767b7d7ed4,1165,L13_timestamp_fraud,sql_rule,1,31/03/2026 19:12:50
b17a7668-1585-4529-861d-3892b2b48a7a,1168,L13_timestamp_fraud,sql_rule,1,31/03/2026 19:12:50
56944bb5-27af-4351-a777-c4e3e49b0636,1168,L13_timestamp_fraud,sql_rule,1,31/03/2026 19:12:50
b92b12ff-3cfa-48ae-9ae2-b956ea2e19f2,1168,L13_timestamp_fraud,sql_rule,1,31/03/2026 19:12:50
c25aa101-586d-4436-9f40-98355fc145c3,1178,L13_timestamp_fraud,sql_rule,1,31/03/2026 19:12:50
339e7e08-dbfd-4ea1-ac95-f55152a9c48f,1179,L13_timestamp_fraud,sql_rule,1,31/03/2026 19:12:50
0aa547b7-d3ef-46a4-a714-2bc48de21081,1181,L13_timestamp_fraud,sql_rule,1,31/03/2026 19:12:50
b692511a-6fa2-41a2-92f3-f243371614d0,1183,L13_timestamp_fraud,sql_rule,1,31/03/2026 19:12:50
7bebeef4-74bf-4069-822b-6ddd3f2d323a,1194,L13_timestamp_fraud,sql_rule,1,31/03/2026 19:12:50
bbd49f08-cb00-4ef6-9721-c56fa496c9f3,1197,L13_timestamp_fraud,sql_rule,1,31/03/2026 19:12:50
87950bcf-d86f-44a7-8c80-25668d7ef767,1198,L13_timestamp_fraud,sql_rule,1,31/03/2026 19:12:50
eccdc30c-0ec4-4b22-8d1f-36f088c88742,1198,L13_timestamp_fraud,sql_rule,1,31/03/2026 19:12:50
c1535a07-d872-426a-afaf-66509af32cee,1203,L13_timestamp_fraud,sql_rule,1,31/03/2026 19:12:50
96f9b2d0-818a-4161-a570-75eaaeeac5c9,1207,L13_timestamp_fraud,sql_rule,1,31/03/2026 19:12:50
b027025c-5213-401a-ba5a-0e3dbe5e1704,1209,L13_timestamp_fraud,sql_rule,1,31/03/2026 19:12:50
367c8f05-b7dc-4408-ace7-bf14589ccc2b,1209,L13_timestamp_fraud,sql_rule,1,31/03/2026 19:12:50
4aa3e8ea-5547-46c2-92f8-05b79720cab6,1210,L13_timestamp_fraud,sql_rule,1,31/03/2026 19:12:50
3bb50d02-65dc-465b-85f4-b07f628d0ee0,1211,L13_timestamp_fraud,sql_rule,1,31/03/2026 19:12:50
46076985-2a81-44fc-9397-c0efbeec1dee,1213,L13_timestamp_fraud,sql_rule,1,31/03/2026 19:12:50
a0f146e5-84c2-4a98-884f-82a3eb8c54e1,1215,L13_timestamp_fraud,sql_rule,1,31/03/2026 19:12:50
10fa0351-c715-47a1-9eae-52b97e23ff30,1215,L13_timestamp_fraud,sql_rule,1,31/03/2026 19:12:50
fd0d38be-54f0-42c4-b7db-bbf9ba06c366,1216,L13_timestamp_fraud,sql_rule,1,31/03/2026 19:12:50
8b61e74a-d6f1-4b37-8f32-ef36357de546,1216,L13_timestamp_fraud,sql_rule,1,31/03/2026 19:12:50
2b120ccc-fd15-4249-9baf-488d66e01dca,1217,L13_timestamp_fraud,sql_rule,1,31/03/2026 19:12:50
609d8ffc-79a4-4cbc-bf0c-0aec1d464318,1221,L13_timestamp_fraud,sql_rule,1,31/03/2026 19:12:50
23eebbd5-df2f-456a-8f93-520c0a078da1,1223,L13_timestamp_fraud,sql_rule,1,31/03/2026 19:12:50
c559f87e-e44f-4d93-8115-6d19ec7b35a6,1224,L13_timestamp_fraud,sql_rule,1,31/03/2026 19:12:50
f0c83c29-28d8-4084-ab60-6a3eb1089bbd,1225,L13_timestamp_fraud,sql_rule,1,31/03/2026 19:12:50
f34e7596-219d-497a-a351-12b48f561ef3,1225,L13_timestamp_fraud,sql_rule,1,31/03/2026 19:12:50
464c23da-5e2d-4eed-a3de-1c31a3fe0172,1225,L13_timestamp_fraud,sql_rule,1,31/03/2026 19:12:50
332936f6-2a55-4160-872e-a8d9c2ebc797,1226,L13_timestamp_fraud,sql_rule,1,31/03/2026 19:12:50
ae0233da-8e9b-4295-a252-49306c5f2da8,1226,L13_timestamp_fraud,sql_rule,1,31/03/2026 19:12:50
62487d1b-2169-489e-a95e-441a2cc4d3d3,1230,L13_timestamp_fraud,sql_rule,1,31/03/2026 19:12:50
fb5f5780-4fad-4f33-9eec-cfd4934735c7,1234,L13_timestamp_fraud,sql_rule,1,31/03/2026 19:12:50
635e5065-9f57-439f-8963-6eaa157e558f,1237,L13_timestamp_fraud,sql_rule,1,31/03/2026 19:12:50
67ca74bc-a17b-45e6-b74a-18e22d3197ac,1237,L13_timestamp_fraud,sql_rule,1,31/03/2026 19:12:50
2b455615-6ccc-4263-b165-5551ecbe09ce,1242,L13_timestamp_fraud,sql_rule,1,31/03/2026 19:12:50
dce10f55-1e45-4962-a645-cb602d9f2de2,1244,L13_timestamp_fraud,sql_rule,1,31/03/2026 19:12:50
6815188c-3180-4342-928a-05a17f8a2ce1,1247,L13_timestamp_fraud,sql_rule,1,31/03/2026 19:12:50
7c2e28c5-ccdd-40a3-b59b-9027d0393206,1248,L13_timestamp_fraud,sql_rule,1,31/03/2026 19:12:50
96168e9f-3345-4724-b05c-fc29268adc4f,1251,L13_timestamp_fraud,sql_rule,1,31/03/2026 19:12:50
c5e3bc11-52d0-4fd6-9074-84153a3dbc11,1258,L13_timestamp_fraud,sql_rule,1,31/03/2026 19:12:50
14afb945-fbbe-4d05-a1a2-805d69146db8,1259,L13_timestamp_fraud,sql_rule,1,31/03/2026 19:12:50
0232333c-f296-44f7-ba14-83d65b8c26eb,1259,L13_timestamp_fraud,sql_rule,1,31/03/2026 19:12:50
b4c94078-b76d-4e0b-a237-b538eef2e474,1262,L13_timestamp_fraud,sql_rule,1,31/03/2026 19:12:50
83880ed9-c694-486e-8178-5dabae21df10,1262,L13_timestamp_fraud,sql_rule,1,31/03/2026 19:12:50
1f66ea6f-3b37-4449-8c48-7ea181a56348,1263,L13_timestamp_fraud,sql_rule,1,31/03/2026 19:12:50
47187faa-afd1-46c8-b3b6-03e528717345,1263,L13_timestamp_fraud,sql_rule,1,31/03/2026 19:12:50
e9445ad8-9e13-48ec-97a5-cf7def17496f,1263,L13_timestamp_fraud,sql_rule,1,31/03/2026 19:12:50
2654359e-5a38-410d-abd3-297baf6e4125,1264,L13_timestamp_fraud,sql_rule,1,31/03/2026 19:12:50
aaaf21db-ddd8-4bb1-b654-de35c0347f10,1268,L13_timestamp_fraud,sql_rule,1,31/03/2026 19:12:50
4f4d806c-89bd-4c38-80c4-c512025318d9,1269,L13_timestamp_fraud,sql_rule,1,31/03/2026 19:12:50
13b8a53b-32b7-407f-a995-a489fd7f0d93,1269,L13_timestamp_fraud,sql_rule,1,31/03/2026 19:12:50
6d76030f-c619-4ee3-9017-19e3e3e74f26,1270,L13_timestamp_fraud,sql_rule,1,31/03/2026 19:12:50
d0d50462-3ff3-4a8e-a0e2-4a44627349b5,1275,L13_timestamp_fraud,sql_rule,1,31/03/2026 19:12:50
0b72b8e8-ad2a-40af-b5be-618d59225982,1275,L13_timestamp_fraud,sql_rule,1,31/03/2026 19:12:50
e9e23234-3786-42ec-9cd7-531a63a8ae25,1277,L13_timestamp_fraud,sql_rule,1,31/03/2026 19:12:50
fe9ad68b-8d08-43b9-9436-eedfd8e4c85b,1279,L13_timestamp_fraud,sql_rule,1,31/03/2026 19:12:50
1e29e6a2-c8ab-4fb1-9f45-f22c40669303,1280,L13_timestamp_fraud,sql_rule,1,31/03/2026 19:12:50
9d081455-1a0a-49b6-b7af-86e03e847340,1280,L13_timestamp_fraud,sql_rule,1,31/03/2026 19:12:50
a755b21c-4c01-40d0-bce4-8f51e876d94e,1282,L13_timestamp_fraud,sql_rule,1,31/03/2026 19:12:50
6bc8fa19-1f8b-42ad-a71b-a59f359c8906,1285,L13_timestamp_fraud,sql_rule,1,31/03/2026 19:12:50
307a350d-4181-4350-99f6-032d60f89365,1289,L13_timestamp_fraud,sql_rule,1,31/03/2026 19:12:50
37723093-dbf6-4869-b28c-11235868ceb3,1289,L13_timestamp_fraud,sql_rule,1,31/03/2026 19:12:50
48d6d489-8ba9-48fd-9a5e-ba3a81e51758,1290,L13_timestamp_fraud,sql_rule,1,31/03/2026 19:12:50
dd399299-1b1c-4364-9e5c-c22006fcdff2,1295,L13_timestamp_fraud,sql_rule,1,31/03/2026 19:12:50
7ee2a7a0-a39b-46b5-9294-0ff5f1617770,1296,L13_timestamp_fraud,sql_rule,1,31/03/2026 19:12:50
dc9ad17d-eab3-4e22-a25b-8e8612c8458d,1297,L13_timestamp_fraud,sql_rule,1,31/03/2026 19:12:50
465801fa-6580-4e9a-80dc-a7d147eae575,1298,L13_timestamp_fraud,sql_rule,1,31/03/2026 19:12:50
c3cda80c-f43b-4852-ac4e-3c506252f526,1299,L13_timestamp_fraud,sql_rule,1,31/03/2026 19:12:50
4bb1760e-b551-468e-a329-8530f1a3fbd2,1302,L13_timestamp_fraud,sql_rule,1,31/03/2026 19:12:50
2a613bc7-573f-46a1-ab63-2b21c0d21027,1303,L13_timestamp_fraud,sql_rule,1,31/03/2026 19:12:50
b58ee3ef-50f2-4348-b9c1-ea07984cdb7e,1305,L13_timestamp_fraud,sql_rule,1,31/03/2026 19:12:50
5c8ad605-dc7f-411a-ae34-163edf781898,1306,L13_timestamp_fraud,sql_rule,1,31/03/2026 19:12:50
29058bdd-8841-4b2d-baa0-7439d02dd124,1312,L13_timestamp_fraud,sql_rule,1,31/03/2026 19:12:50
41f396ef-1cc2-4718-8b65-74d2fef9cd9b,1314,L13_timestamp_fraud,sql_rule,1,31/03/2026 19:12:50
0b22b3d7-154b-4f4d-acd5-3eb8c3b27753,1318,L13_timestamp_fraud,sql_rule,1,31/03/2026 19:12:50
a0fa0b61-42a2-47fe-b061-5527fa20ad45,1321,L13_timestamp_fraud,sql_rule,1,31/03/2026 19:12:50
e01f09fd-3b1b-4548-9792-ddbaa6c44c33,1321,L13_timestamp_fraud,sql_rule,1,31/03/2026 19:12:50
ecb580f6-78e6-4729-a904-0dfc661ab740,1322,L13_timestamp_fraud,sql_rule,1,31/03/2026 19:12:50
fb4c4eb5-d797-4d00-ae73-28dc5321731f,1322,L13_timestamp_fraud,sql_rule,1,31/03/2026 19:12:50
fef646c3-5ada-4bed-879e-ca139c2d3f0b,1325,L13_timestamp_fraud,sql_rule,1,31/03/2026 19:12:50
95a89f9c-dc9a-4add-ba63-d69ea4b8c574,1329,L13_timestamp_fraud,sql_rule,1,31/03/2026 19:12:50
270535f5-9633-4328-b40e-d887e39240df,1329,L13_timestamp_fraud,sql_rule,1,31/03/2026 19:12:50
46245cee-c303-4f90-b038-664fd2fdc269,1330,L13_timestamp_fraud,sql_rule,1,31/03/2026 19:12:50
5df6cecb-7d20-4e3a-bc5d-492b5fdfae4e,1332,L13_timestamp_fraud,sql_rule,1,31/03/2026 19:12:50
d67e40a8-b786-42f9-96f8-1ef8d17662f2,1332,L13_timestamp_fraud,sql_rule,1,31/03/2026 19:12:50
70698caa-4e63-42bc-a438-dcc44d5e34e0,1334,L13_timestamp_fraud,sql_rule,1,31/03/2026 19:12:50
d3560b1e-a6db-4870-9e11-8b001cc706f3,1337,L13_timestamp_fraud,sql_rule,1,31/03/2026 19:12:50
8ac6433c-54a0-44c0-a57b-9f35f4288ac5,1338,L13_timestamp_fraud,sql_rule,1,31/03/2026 19:12:50
11a6c47e-1099-498e-8089-20be0aaab591,1340,L13_timestamp_fraud,sql_rule,1,31/03/2026 19:12:50
bb34fb67-d71c-4c55-9781-2dbb0e58f5a8,1340,L13_timestamp_fraud,sql_rule,1,31/03/2026 19:12:50
f78c787e-bd5f-442e-a337-1392138f2c52,1341,L13_timestamp_fraud,sql_rule,1,31/03/2026 19:12:50
0a1a7be5-4dd3-4341-95d5-94a0ba563079,1342,L13_timestamp_fraud,sql_rule,1,31/03/2026 19:12:50
f573e229-584f-48ff-94b0-17d95d99ebdd,1343,L13_timestamp_fraud,sql_rule,1,31/03/2026 19:12:50
15ff2776-e514-48f3-9584-fbca0ca937ff,1346,L13_timestamp_fraud,sql_rule,1,31/03/2026 19:12:50
fa780f3d-ed8b-468c-a3d8-b637ddb12bb0,1349,L13_timestamp_fraud,sql_rule,1,31/03/2026 19:12:50
83b588cb-c3de-49a7-a342-c8c06c89aa5b,1353,L13_timestamp_fraud,sql_rule,1,31/03/2026 19:12:50
15fc6cf1-dfd8-47de-a814-35a7a36cc001,1354,L13_timestamp_fraud,sql_rule,1,31/03/2026 19:12:50
8b396216-17d4-4399-8e1c-622cdf59f846,1360,L13_timestamp_fraud,sql_rule,1,31/03/2026 19:12:50
c231f67e-85f5-4440-bc7d-53b898997daf,1362,L13_timestamp_fraud,sql_rule,1,31/03/2026 19:12:50
797ecae0-6661-4192-b026-7744fe0d7d6e,1367,L13_timestamp_fraud,sql_rule,1,31/03/2026 19:12:50
ae084336-191f-4de6-8f63-15b1f4a0128a,1367,L13_timestamp_fraud,sql_rule,1,31/03/2026 19:12:50
242d35c3-ca22-4e56-98f1-cc1d55fb73b8,1369,L13_timestamp_fraud,sql_rule,1,31/03/2026 19:12:50
05cb56ba-4d91-4281-bed4-08e3333909fb,1371,L13_timestamp_fraud,sql_rule,1,31/03/2026 19:12:50
474f7ed8-ac2f-42a0-8d52-5151cc3babc6,1371,L13_timestamp_fraud,sql_rule,1,31/03/2026 19:12:50
94d1e76f-5be6-4b9f-be1a-e502a426914a,1371,L13_timestamp_fraud,sql_rule,1,31/03/2026 19:12:50
3029e3f7-f78b-47f1-9d63-a9033205f329,1374,L13_timestamp_fraud,sql_rule,1,31/03/2026 19:12:50
48e6989c-6c58-452b-8f6f-6a83e010dc69,1375,L13_timestamp_fraud,sql_rule,1,31/03/2026 19:12:50
7b9319b0-26e6-4041-9ebf-519253b7542e,1381,L13_timestamp_fraud,sql_rule,1,31/03/2026 19:12:50
39bb1256-6610-4e2f-b970-6e0e0827b3e3,1383,L13_timestamp_fraud,sql_rule,1,31/03/2026 19:12:50
d80e0033-ce74-4e4c-a332-408054cef612,1386,L13_timestamp_fraud,sql_rule,1,31/03/2026 19:12:50
22b464bd-af23-4e0a-8a2e-bf0f6a3e990a,1386,L13_timestamp_fraud,sql_rule,1,31/03/2026 19:12:50
627b4f79-654e-4e50-baa0-4fec9f066b3d,1388,L13_timestamp_fraud,sql_rule,1,31/03/2026 19:12:50
dfa0fe7e-44b7-4e0f-b73a-fd12c7248cc6,1391,L13_timestamp_fraud,sql_rule,1,31/03/2026 19:12:50
bf8420eb-bc40-493e-83c4-dc452f030a38,1392,L13_timestamp_fraud,sql_rule,1,31/03/2026 19:12:50
948691f8-5bb6-4640-b6e5-f07f1a7c14ef,1398,L13_timestamp_fraud,sql_rule,1,31/03/2026 19:12:50
29f7e2c9-1a0d-495e-9589-068693a76fa6,1399,L13_timestamp_fraud,sql_rule,1,31/03/2026 19:12:50
d11afa52-d1ea-43e7-9191-93ba027f5201,1403,L13_timestamp_fraud,sql_rule,1,31/03/2026 19:12:50
5522253c-21df-4107-a042-7b52b180a24a,1405,L13_timestamp_fraud,sql_rule,1,31/03/2026 19:12:50
807615b1-18a3-4351-88c2-c1edeb859da8,1408,L13_timestamp_fraud,sql_rule,1,31/03/2026 19:12:50
a3ddde1d-c645-4f05-bd28-16f49fab2f4f,1408,L13_timestamp_fraud,sql_rule,1,31/03/2026 19:12:50
4f171a76-d893-4a14-bdbd-e85fb7897f72,1415,L13_timestamp_fraud,sql_rule,1,31/03/2026 19:12:50
a27acf30-5d6a-487a-928a-89b0e83ce837,1416,L13_timestamp_fraud,sql_rule,1,31/03/2026 19:12:50
dff0a4d5-8eb4-4e60-86a1-d248217ee1dc,1416,L13_timestamp_fraud,sql_rule,1,31/03/2026 19:12:50
bb08d4f4-997b-4b58-945a-c3ae03ec5aa5,1417,L13_timestamp_fraud,sql_rule,1,31/03/2026 19:12:50
3b60e3f1-0826-4c12-9246-a6ae86c60aec,1417,L13_timestamp_fraud,sql_rule,1,31/03/2026 19:12:50
601c7fd9-ff88-4055-a903-c484a87e26b0,1418,L13_timestamp_fraud,sql_rule,1,31/03/2026 19:12:50
8ac26eb0-0777-43c3-be7f-ee52b17e8d83,1420,L13_timestamp_fraud,sql_rule,1,31/03/2026 19:12:50
42ffad72-35e7-43e7-b1b7-4502367228c5,1421,L13_timestamp_fraud,sql_rule,1,31/03/2026 19:12:50
6037cad3-9d68-4e3c-a91f-e6d7b78a7e59,1423,L13_timestamp_fraud,sql_rule,1,31/03/2026 19:12:50
60e2802d-e2d4-4fbd-bd07-fc296c5b5e3c,1424,L13_timestamp_fraud,sql_rule,1,31/03/2026 19:12:50
4a712445-2e91-407e-b379-213e34c1784c,1425,L13_timestamp_fraud,sql_rule,1,31/03/2026 19:12:50
08cdb082-9dae-42c1-8779-714283aba5bd,1426,L13_timestamp_fraud,sql_rule,1,31/03/2026 19:12:50
0512394e-22de-4d4d-8a4d-750ad9072a97,1429,L13_timestamp_fraud,sql_rule,1,31/03/2026 19:12:50
7fd8c6a2-53e2-4954-9dfe-229f6888faa0,1430,L13_timestamp_fraud,sql_rule,1,31/03/2026 19:12:50
dcc68b3d-35b1-406d-84c0-0d22534f3298,1431,L13_timestamp_fraud,sql_rule,1,31/03/2026 19:12:50
9083e6be-2b3b-448e-97e4-d76d69177094,1436,L13_timestamp_fraud,sql_rule,1,31/03/2026 19:12:50
21c5b15e-bbd6-429c-9064-e5f5bfc0c631,1436,L13_timestamp_fraud,sql_rule,1,31/03/2026 19:12:50
afa8e724-2647-43c9-81ba-f541a83a5c5a,1438,L13_timestamp_fraud,sql_rule,1,31/03/2026 19:12:50
ed0d8022-9400-460c-b4cc-32c76d3b138f,1439,L13_timestamp_fraud,sql_rule,1,31/03/2026 19:12:50
2d660370-b412-4050-b9d0-0e9841d38257,1444,L13_timestamp_fraud,sql_rule,1,31/03/2026 19:12:50
e23b1bc3-1a49-4b43-b3ff-694b9d56a725,1447,L13_timestamp_fraud,sql_rule,1,31/03/2026 19:12:50
d4a30ef9-975a-446d-858f-f2dd9b2b3f70,1449,L13_timestamp_fraud,sql_rule,1,31/03/2026 19:12:50
177fefa2-4f90-4009-b72f-ccf1f213bd4b,1453,L13_timestamp_fraud,sql_rule,1,31/03/2026 19:12:50
64a13b3a-cce1-45dd-8aba-da1d1efde621,1453,L13_timestamp_fraud,sql_rule,1,31/03/2026 19:12:50
41767b27-19e3-4a55-96d6-dd456d9fd04e,1454,L13_timestamp_fraud,sql_rule,1,31/03/2026 19:12:50
f2fd1979-3e16-470e-a117-3ac5bac5da8c,1454,L13_timestamp_fraud,sql_rule,1,31/03/2026 19:12:50
ffb645fc-817d-48da-9a84-4be4d6176231,1457,L13_timestamp_fraud,sql_rule,1,31/03/2026 19:12:50
21177a21-4938-438d-ad90-25e388f59d67,1459,L13_timestamp_fraud,sql_rule,1,31/03/2026 19:12:50
95096c70-e54f-4454-80ef-a2619c08a924,1460,L13_timestamp_fraud,sql_rule,1,31/03/2026 19:12:50
3728bf6a-1c12-4913-bf95-4340b990e94e,1461,L13_timestamp_fraud,sql_rule,1,31/03/2026 19:12:50
bf8d3899-c8ed-499c-84c3-a29bd5791266,1465,L13_timestamp_fraud,sql_rule,1,31/03/2026 19:12:50
17bf9f8d-2e59-4ab9-b25b-8a97b52f8316,1466,L13_timestamp_fraud,sql_rule,1,31/03/2026 19:12:50
4cb861ad-837c-46fc-a257-a34cdb77418d,1467,L13_timestamp_fraud,sql_rule,1,31/03/2026 19:12:50
05714a05-51bd-469a-8d2f-1367dace32af,1470,L13_timestamp_fraud,sql_rule,1,31/03/2026 19:12:50
93dcd6a5-43c5-4119-b2f4-54b95e40bcaa,1470,L13_timestamp_fraud,sql_rule,1,31/03/2026 19:12:50
4da0fb79-284f-407c-a7b3-1244029e1c02,1472,L13_timestamp_fraud,sql_rule,1,31/03/2026 19:12:50
d775dfd7-1270-475b-8b74-1a1745608613,1474,L13_timestamp_fraud,sql_rule,1,31/03/2026 19:12:50
d6ee1758-74d8-49e6-a7c3-7a0428660850,1474,L13_timestamp_fraud,sql_rule,1,31/03/2026 19:12:50
cb462567-6c1b-43ea-bff4-5b79f4c94dac,1475,L13_timestamp_fraud,sql_rule,1,31/03/2026 19:12:50
7571463c-0d08-414c-b5cb-fbbfd441fbb9,1476,L13_timestamp_fraud,sql_rule,1,31/03/2026 19:12:50
8b7ad894-3d87-4153-b30e-e682d8426cba,1478,L13_timestamp_fraud,sql_rule,1,31/03/2026 19:12:50
de3de21e-392d-4f50-9a7b-3b3fd6d10719,1480,L13_timestamp_fraud,sql_rule,1,31/03/2026 19:12:50
1ef141d1-8a90-47cf-9c17-fde0efa79b52,1480,L13_timestamp_fraud,sql_rule,1,31/03/2026 19:12:50
d158b4a9-2fd5-4ead-a4d7-8317ea6b7f44,1481,L13_timestamp_fraud,sql_rule,1,31/03/2026 19:12:50
e68d4c3a-bad9-4033-8ce8-3b44bf0c6dff,1483,L13_timestamp_fraud,sql_rule,1,31/03/2026 19:12:50
2975a3a7-a279-46ae-a231-fbbdc514e111,1483,L13_timestamp_fraud,sql_rule,1,31/03/2026 19:12:50
872bfcd8-ded8-41b6-8abe-ff27ed02e011,1485,L13_timestamp_fraud,sql_rule,1,31/03/2026 19:12:50
2208a0bc-9b7c-40e7-bffa-1d6fb61c12f7,1488,L13_timestamp_fraud,sql_rule,1,31/03/2026 19:12:50
217bdf5a-83f6-4716-80b6-e27ad8e98928,1493,L13_timestamp_fraud,sql_rule,1,31/03/2026 19:12:50
bcc4f85a-b371-42a3-9370-b6077c48a06d,1493,L13_timestamp_fraud,sql_rule,1,31/03/2026 19:12:50
e006cf0f-d9a6-472b-9289-4e92c3141ecb,1497,L13_timestamp_fraud,sql_rule,1,31/03/2026 19:12:50
86d5a911-ab0a-489e-b112-1743f4908a3e,1497,L13_timestamp_fraud,sql_rule,1,31/03/2026 19:12:50
938c514c-1592-478d-955e-d6b5f910f900,1498,L13_timestamp_fraud,sql_rule,1,31/03/2026 19:12:50
390623e6-270a-4b2a-a102-45dcfeef1f83,1499,L13_timestamp_fraud,sql_rule,1,31/03/2026 19:12:50
cd842ef7-f12f-4698-94cf-38c6813a819f,1499,L13_timestamp_fraud,sql_rule,1,31/03/2026 19:12:50
095d5723-5310-4ec3-9970-0aeca421f789,1500,L13_timestamp_fraud,sql_rule,1,31/03/2026 19:12:50
11122990-acf8-4e68-9fcf-edff2c21012a,1500,L13_timestamp_fraud,sql_rule,1,31/03/2026 19:12:50
09bea7de-c911-4ad9-bc8b-4969f7b43831,1501,L13_timestamp_fraud,sql_rule,1,31/03/2026 19:12:50
4d925a3a-24e0-4d40-9ce1-189eb842bc58,1503,L13_timestamp_fraud,sql_rule,1,31/03/2026 19:12:50
1bc7c60a-9877-41b7-ad0c-2e977b403a91,1505,L13_timestamp_fraud,sql_rule,1,31/03/2026 19:12:50
2f476e09-4211-4a96-af1a-ccebb8952828,1507,L13_timestamp_fraud,sql_rule,1,31/03/2026 19:12:50
9f913da8-296f-49ba-a93f-dd3dde7182c4,1509,L13_timestamp_fraud,sql_rule,1,31/03/2026 19:12:50
076db057-de0a-4f8e-914f-36017e10c139,1510,L13_timestamp_fraud,sql_rule,1,31/03/2026 19:12:50
3b131f1e-44d3-4741-ab54-30362f2f5f8e,1510,L13_timestamp_fraud,sql_rule,1,31/03/2026 19:12:50
7e6d158c-af96-4e9e-8f81-078b276f60dd,1512,L13_timestamp_fraud,sql_rule,1,31/03/2026 19:12:50
a173b825-a5bb-420d-8c23-1adbb878d228,1518,L13_timestamp_fraud,sql_rule,1,31/03/2026 19:12:50
3e62f6a0-06df-4f22-81b5-6fb6834e4fdf,1519,L13_timestamp_fraud,sql_rule,1,31/03/2026 19:12:50
df94fb63-c392-40a3-9932-3ada1d9c5a57,1523,L13_timestamp_fraud,sql_rule,1,31/03/2026 19:12:50
437dd9ac-c79d-46e3-a7ba-18e4001290aa,1527,L13_timestamp_fraud,sql_rule,1,31/03/2026 19:12:50
3d19e8cc-fd58-4e93-aff6-faa7432ce3fb,1529,L13_timestamp_fraud,sql_rule,1,31/03/2026 19:12:50
3aeed9e9-65d8-4bf4-96bb-6de5ca950c3f,1530,L13_timestamp_fraud,sql_rule,1,31/03/2026 19:12:50
c234d92e-8f82-426f-aff3-cb2718523bc3,1531,L13_timestamp_fraud,sql_rule,1,31/03/2026 19:12:50
199682d1-8300-4ae1-9ab4-1f0f5d564fee,1535,L13_timestamp_fraud,sql_rule,1,31/03/2026 19:12:50
ef25a94a-198d-40b7-a0c7-03cff60233ff,1544,L13_timestamp_fraud,sql_rule,1,31/03/2026 19:12:50
f1416692-6946-4f27-bfd0-78dbbb50a1d3,1545,L13_timestamp_fraud,sql_rule,1,31/03/2026 19:12:50
27e5cb12-049d-403a-9c2d-cabfbdc18014,1546,L13_timestamp_fraud,sql_rule,1,31/03/2026 19:12:50
f2bc757c-31fb-46e7-91ce-2cfd365d1a0c,1547,L13_timestamp_fraud,sql_rule,1,31/03/2026 19:12:50
5b0632e1-1015-4699-b41d-cc4c2f5b68da,1551,L13_timestamp_fraud,sql_rule,1,31/03/2026 19:12:50
803cd056-65f4-45e2-9d34-33c0226ef6bf,1552,L13_timestamp_fraud,sql_rule,1,31/03/2026 19:12:50
649c1989-e3f0-4543-9f0f-8812e324e818,1553,L13_timestamp_fraud,sql_rule,1,31/03/2026 19:12:50
d49b8cf2-5ef6-43ad-a90e-c22158fe35c5,1555,L13_timestamp_fraud,sql_rule,1,31/03/2026 19:12:50
06ed8e79-16ab-441e-a8fd-b0518ab8f168,1555,L13_timestamp_fraud,sql_rule,1,31/03/2026 19:12:50
7d69c1df-4129-44c4-b172-c6d4fc497032,1557,L13_timestamp_fraud,sql_rule,1,31/03/2026 19:12:50
721b6629-a500-47a6-b2c3-890f08241fbb,1558,L13_timestamp_fraud,sql_rule,1,31/03/2026 19:12:50
1f736e85-1e13-4e87-8cf5-5fa0dd2558f0,1561,L13_timestamp_fraud,sql_rule,1,31/03/2026 19:12:50
eda359b4-989b-405f-91a1-896e24fc704a,1562,L13_timestamp_fraud,sql_rule,1,31/03/2026 19:12:50
2c63b6ca-33e6-4c1b-b3d8-110281dcadf2,1566,L13_timestamp_fraud,sql_rule,1,31/03/2026 19:12:50
73061705-5e1d-4413-9341-2160c050ec10,1575,L13_timestamp_fraud,sql_rule,1,31/03/2026 19:12:50
1b7c3d4f-8bab-44fa-803b-421925cc0162,1579,L13_timestamp_fraud,sql_rule,1,31/03/2026 19:12:50
cefaecde-55df-4473-8347-f6ba368c111b,1581,L13_timestamp_fraud,sql_rule,1,31/03/2026 19:12:50
14e7e41c-2186-4b2d-833f-49e1ae20562a,1582,L13_timestamp_fraud,sql_rule,1,31/03/2026 19:12:50
06f1e679-1f0f-400a-acd5-8b4014f82f5e,1584,L13_timestamp_fraud,sql_rule,1,31/03/2026 19:12:50
c01c4383-bfa9-4538-b044-61c200eb4a61,1587,L13_timestamp_fraud,sql_rule,1,31/03/2026 19:12:50
4e22d34f-3e9a-4bad-b1cd-4c3cc76d05e6,1591,L13_timestamp_fraud,sql_rule,1,31/03/2026 19:12:50
33804f0a-1972-4608-8130-66beaf530b37,1594,L13_timestamp_fraud,sql_rule,1,31/03/2026 19:12:50
cb12d9b6-bd96-4710-ae3b-43c4debb31e8,1594,L13_timestamp_fraud,sql_rule,1,31/03/2026 19:12:50
ff2b1fd9-97f9-449d-ab4a-cc0463056e97,1596,L13_timestamp_fraud,sql_rule,1,31/03/2026 19:12:50
ae47cba6-5f49-4926-beea-a060ddaf12f8,1598,L13_timestamp_fraud,sql_rule,1,31/03/2026 19:12:50
44d9582b-e5ba-4409-8abd-fcbcd7cbeefd,1601,L13_timestamp_fraud,sql_rule,1,31/03/2026 19:12:50
634acf87-6e7b-495c-89e5-cab30eadf6f6,1602,L13_timestamp_fraud,sql_rule,1,31/03/2026 19:12:50
f3766609-77e9-4966-9fde-495e4099aa20,1604,L13_timestamp_fraud,sql_rule,1,31/03/2026 19:12:50
79b076d7-5ed8-47ef-91e7-8f1351b2af16,1606,L13_timestamp_fraud,sql_rule,1,31/03/2026 19:12:50
263557f6-ed9c-402e-b4c7-4ab02a18e1f3,1608,L13_timestamp_fraud,sql_rule,1,31/03/2026 19:12:50
5218e12c-e830-46d5-a16e-8bf3365aeca0,1610,L13_timestamp_fraud,sql_rule,1,31/03/2026 19:12:50
b1bbb4d5-ea7d-4432-8c2b-756ad24d8b48,1614,L13_timestamp_fraud,sql_rule,1,31/03/2026 19:12:50
9ec0885f-ae7a-49c5-b0fc-73fe961dd7e8,1617,L13_timestamp_fraud,sql_rule,1,31/03/2026 19:12:50
00069e67-af0f-4952-8e4a-0c3aa6540489,1618,L13_timestamp_fraud,sql_rule,1,31/03/2026 19:12:50
22b70582-e371-4a18-af87-615dfb9a97fb,1619,L13_timestamp_fraud,sql_rule,1,31/03/2026 19:12:50
f64e1525-1b19-48f5-b8ae-d159424a7c7a,1621,L13_timestamp_fraud,sql_rule,1,31/03/2026 19:12:50
b047414b-38d1-42e3-b1e4-8f6552b739ed,1623,L13_timestamp_fraud,sql_rule,1,31/03/2026 19:12:50
c380f663-868f-4351-90c8-308a380222b5,1623,L13_timestamp_fraud,sql_rule,1,31/03/2026 19:12:50
33d73300-f6a4-45f0-8511-10ce45b14665,1626,L13_timestamp_fraud,sql_rule,1,31/03/2026 19:12:50
99bc8f6a-03c4-4125-8317-a141519b11b6,1626,L13_timestamp_fraud,sql_rule,1,31/03/2026 19:12:50
81626c36-e25d-47a3-bd6c-b428997464d2,1630,L13_timestamp_fraud,sql_rule,1,31/03/2026 19:12:50
3d656268-3ce5-4939-bbbd-5fa4f2d85161,1630,L13_timestamp_fraud,sql_rule,1,31/03/2026 19:12:50
299b26c6-53fa-4fd5-a306-d778684230df,1632,L13_timestamp_fraud,sql_rule,1,31/03/2026 19:12:50
5a9dfea5-57b5-4247-af62-41d416fadae7,1633,L13_timestamp_fraud,sql_rule,1,31/03/2026 19:12:50
a2676845-fc11-4565-8bc0-bb6ab8f7bb6e,1636,L13_timestamp_fraud,sql_rule,1,31/03/2026 19:12:50
ff0448b6-f144-4195-b362-05679d36ac83,1638,L13_timestamp_fraud,sql_rule,1,31/03/2026 19:12:50
2d760cf8-2c03-4a24-a7e3-71101260cbc2,1638,L13_timestamp_fraud,sql_rule,1,31/03/2026 19:12:50
b1c2e7e0-e155-43c5-a64f-38b5b0e8a932,1639,L13_timestamp_fraud,sql_rule,1,31/03/2026 19:12:50
d7f453fb-aee2-45fe-8e04-9687086ce7f4,1640,L13_timestamp_fraud,sql_rule,1,31/03/2026 19:12:50
969d86ab-bd95-4ee7-929f-f8b336777257,1642,L13_timestamp_fraud,sql_rule,1,31/03/2026 19:12:50
dbd4be23-1983-4d07-b030-17d7601a710d,1642,L13_timestamp_fraud,sql_rule,1,31/03/2026 19:12:50
0683889a-02c9-4edc-bbe2-0967c98fefda,1643,L13_timestamp_fraud,sql_rule,1,31/03/2026 19:12:50
3890ede1-8c42-4405-9e36-8b806c262a53,1644,L13_timestamp_fraud,sql_rule,1,31/03/2026 19:12:50
231cb65a-164d-450e-98cf-c7dd666d0dd7,1644,L13_timestamp_fraud,sql_rule,1,31/03/2026 19:12:50
0c78bf37-844d-4b96-9fdc-72f55f9733a2,1644,L13_timestamp_fraud,sql_rule,1,31/03/2026 19:12:50
55613fd8-13c6-497b-9f0c-fe4c2a5705fb,1646,L13_timestamp_fraud,sql_rule,1,31/03/2026 19:12:50
167dddb3-a525-43da-92c8-afb30ef6595c,1647,L13_timestamp_fraud,sql_rule,1,31/03/2026 19:12:50
679a5718-3103-4887-877e-b6ac9fec4676,1652,L13_timestamp_fraud,sql_rule,1,31/03/2026 19:12:50
78f53682-5e57-487a-8a3d-79329007d9cb,1659,L13_timestamp_fraud,sql_rule,1,31/03/2026 19:12:50
f102f8b1-5049-46e6-ac53-57fa11678862,1659,L13_timestamp_fraud,sql_rule,1,31/03/2026 19:12:50
1cea9ce6-1d53-43fe-ba37-ff95e7cf93bf,1659,L13_timestamp_fraud,sql_rule,1,31/03/2026 19:12:50
8f5af07f-08fd-404f-add6-b2fb1472e0e0,1660,L13_timestamp_fraud,sql_rule,1,31/03/2026 19:12:50
ecf0765c-f8a2-4848-b3ad-5f9890bc1b16,1661,L13_timestamp_fraud,sql_rule,1,31/03/2026 19:12:50
68dce41b-1279-45d5-bee2-9cbfb54a2c49,1661,L13_timestamp_fraud,sql_rule,1,31/03/2026 19:12:50
49f8577f-8ac0-4e0b-9b6b-eb9f6b381f65,1664,L13_timestamp_fraud,sql_rule,1,31/03/2026 19:12:50
7a767657-4914-4b94-82d9-d3e56a2b6635,1664,L13_timestamp_fraud,sql_rule,1,31/03/2026 19:12:50
6c98baf4-336d-4c9c-a2a8-43ce0df006cc,1667,L13_timestamp_fraud,sql_rule,1,31/03/2026 19:12:50
4472d763-b4fd-4ecd-b4ae-a8c42836d5ec,1671,L13_timestamp_fraud,sql_rule,1,31/03/2026 19:12:50
78b2f762-c5a8-49db-ba4a-5535b8bb7837,1672,L13_timestamp_fraud,sql_rule,1,31/03/2026 19:12:50
9fd4607d-3e87-428b-8abf-67fa12e280a8,1673,L13_timestamp_fraud,sql_rule,1,31/03/2026 19:12:50
caa46507-eba4-4565-997d-f15674161800,1675,L13_timestamp_fraud,sql_rule,1,31/03/2026 19:12:50
d8fde4c4-d27e-46e0-8ce0-1852bfebf633,1680,L13_timestamp_fraud,sql_rule,1,31/03/2026 19:12:50
3df13cf5-e12d-45d0-88ab-3715213c71b6,1680,L13_timestamp_fraud,sql_rule,1,31/03/2026 19:12:50
4fac0c6e-10c8-4218-b40e-5deb28e2a0bf,1680,L13_timestamp_fraud,sql_rule,1,31/03/2026 19:12:50
edf1dc43-6488-4d80-bada-8fc5cbca2f54,1680,L13_timestamp_fraud,sql_rule,1,31/03/2026 19:12:50
1bb9b482-70d5-4eae-82cf-f655d5ab1029,1682,L13_timestamp_fraud,sql_rule,1,31/03/2026 19:12:50
2dc71c30-6d88-4a56-a3b1-0509e2e0ca46,1683,L13_timestamp_fraud,sql_rule,1,31/03/2026 19:12:50
65c9062b-0e7b-4362-b99c-ad96a60be7c2,1686,L13_timestamp_fraud,sql_rule,1,31/03/2026 19:12:50
21da15d9-1e4e-4a45-9d87-e9877f33898f,1686,L13_timestamp_fraud,sql_rule,1,31/03/2026 19:12:50
ac89b8bf-3643-48b4-b956-21b5188dd103,1690,L13_timestamp_fraud,sql_rule,1,31/03/2026 19:12:50
7621afec-9200-4a2c-8471-bdb52e574f9d,1690,L13_timestamp_fraud,sql_rule,1,31/03/2026 19:12:50
736d9ffd-aaec-464c-bc03-00b4cf8df7fe,1695,L13_timestamp_fraud,sql_rule,1,31/03/2026 19:12:50
19bffe0d-5a97-4bcf-bf42-d8feba59deb8,1696,L13_timestamp_fraud,sql_rule,1,31/03/2026 19:12:50
5ae0b2a7-75d8-4779-a45b-337c4d1f2aea,1698,L13_timestamp_fraud,sql_rule,1,31/03/2026 19:12:50
6230cdac-026f-445f-b041-64a702495ada,1701,L13_timestamp_fraud,sql_rule,1,31/03/2026 19:12:50
8cac84b2-d85d-4afd-b9c0-546b1a96ac4b,1701,L13_timestamp_fraud,sql_rule,1,31/03/2026 19:12:50
bbadda80-f3b2-4fc7-8795-65160f6c1c00,1702,L13_timestamp_fraud,sql_rule,1,31/03/2026 19:12:50
f3c9925a-7ac5-4e6a-9144-0ae46b90a834,1706,L13_timestamp_fraud,sql_rule,1,31/03/2026 19:12:50
ab2c7cfa-27eb-445b-b908-7b062d8b68a0,1706,L13_timestamp_fraud,sql_rule,1,31/03/2026 19:12:50
970a08aa-68c4-488a-ade4-af8cbd27133c,1708,L13_timestamp_fraud,sql_rule,1,31/03/2026 19:12:50
9f239e17-b3dd-475a-b08d-2c27c82dc9f9,1709,L13_timestamp_fraud,sql_rule,1,31/03/2026 19:12:50
309dd384-ff91-4467-b647-cd76cb2a57b9,1710,L13_timestamp_fraud,sql_rule,1,31/03/2026 19:12:50
a6c9be8e-f401-43e1-9150-e17806659427,1711,L13_timestamp_fraud,sql_rule,1,31/03/2026 19:12:50
1cfe144e-366c-4079-94e7-a6fcbee6a06f,1712,L13_timestamp_fraud,sql_rule,1,31/03/2026 19:12:50
157a8b2c-ee9c-48c5-9d42-1a71961c86a0,1713,L13_timestamp_fraud,sql_rule,1,31/03/2026 19:12:50
20ce3e51-9603-4d67-a936-f642627f6116,1713,L13_timestamp_fraud,sql_rule,1,31/03/2026 19:12:50
0256fe0b-479f-42d8-b143-2e1d6d8e5ce5,1713,L13_timestamp_fraud,sql_rule,1,31/03/2026 19:12:50
2d4be1a4-0299-41e6-81c6-47e89308b345,1715,L13_timestamp_fraud,sql_rule,1,31/03/2026 19:12:50
a772705a-84d0-4ddf-b12a-7f1db50d0915,1716,L13_timestamp_fraud,sql_rule,1,31/03/2026 19:12:50
d7bcf4b8-47dc-42d0-9cb4-7190e7845ac7,1716,L13_timestamp_fraud,sql_rule,1,31/03/2026 19:12:50
1fb4bc71-1331-46ff-9526-238a661cd46a,1725,L13_timestamp_fraud,sql_rule,1,31/03/2026 19:12:50
070fb334-9f02-4290-812b-7fb156bb9f6b,1726,L13_timestamp_fraud,sql_rule,1,31/03/2026 19:12:50
706d1bdc-fc31-41c6-bccf-ba740b84e459,1727,L13_timestamp_fraud,sql_rule,1,31/03/2026 19:12:50
ab360e88-fa49-460c-b337-a20305f2efcc,1727,L13_timestamp_fraud,sql_rule,1,31/03/2026 19:12:50
f92f2578-61f8-4851-860c-b6fbf06227c1,1736,L13_timestamp_fraud,sql_rule,1,31/03/2026 19:12:50
8c0d83f7-0e79-44f6-99a5-f2493e3a030d,1737,L13_timestamp_fraud,sql_rule,1,31/03/2026 19:12:50
23e45c71-4846-4aa7-a520-750b8055fdd4,1737,L13_timestamp_fraud,sql_rule,1,31/03/2026 19:12:50
5bdbe29a-49bd-4d74-aafd-b071cea1be41,1737,L13_timestamp_fraud,sql_rule,1,31/03/2026 19:12:50
2cc67863-74a6-4b83-bd0f-42636b97a41d,1739,L13_timestamp_fraud,sql_rule,1,31/03/2026 19:12:50
007d7d4f-ca5c-4a1b-b071-05dd50e48545,1741,L13_timestamp_fraud,sql_rule,1,31/03/2026 19:12:50
44699fb9-ed32-4324-ab95-fe2a32448b8c,1743,L13_timestamp_fraud,sql_rule,1,31/03/2026 19:12:50
fe7d1326-c9e0-4867-8c8d-3ff1d5ed618a,1746,L13_timestamp_fraud,sql_rule,1,31/03/2026 19:12:50
996b78c9-1f61-413f-b2f0-0b4f6e2b5cc2,1749,L13_timestamp_fraud,sql_rule,1,31/03/2026 19:12:50
e86a1fed-4bcf-4ef3-b42a-7f12cd80f8d6,1753,L13_timestamp_fraud,sql_rule,1,31/03/2026 19:12:50
232174b5-d534-4850-9b66-b5664628f27d,1753,L13_timestamp_fraud,sql_rule,1,31/03/2026 19:12:50
c15fff6a-41fe-4ca4-84ff-b711de2ee95b,1756,L13_timestamp_fraud,sql_rule,1,31/03/2026 19:12:50
e862542f-cdd5-4023-80f2-3f550c310d8e,1757,L13_timestamp_fraud,sql_rule,1,31/03/2026 19:12:50
1ccf6583-e781-47db-abc4-b467076d98ff,1758,L13_timestamp_fraud,sql_rule,1,31/03/2026 19:12:50
3db8c7f1-5212-4025-8464-5989530b1fc0,1760,L13_timestamp_fraud,sql_rule,1,31/03/2026 19:12:50
cffed22d-204d-4fd1-a63e-21eb57fa752e,1762,L13_timestamp_fraud,sql_rule,1,31/03/2026 19:12:50
8b77be88-a853-4aa3-a9de-13f5f3f20ffe,1764,L13_timestamp_fraud,sql_rule,1,31/03/2026 19:12:50
0ea07b73-3991-436b-89a9-1e0f74bfdb65,1766,L13_timestamp_fraud,sql_rule,1,31/03/2026 19:12:50
a0cbdc8d-9a1e-4223-9a3c-25a14f4a6e1b,1768,L13_timestamp_fraud,sql_rule,1,31/03/2026 19:12:50
5fd6be8b-6681-4b13-9d18-60f22927b546,1773,L13_timestamp_fraud,sql_rule,1,31/03/2026 19:12:50
2c0f10b4-f1c0-435c-97bd-edeadf149858,1777,L13_timestamp_fraud,sql_rule,1,31/03/2026 19:12:50
cf871584-fc43-47af-995a-f79f674d8a5e,1782,L13_timestamp_fraud,sql_rule,1,31/03/2026 19:12:50
24c7ecfc-cfed-45c6-bcce-aed03ca172c9,1782,L13_timestamp_fraud,sql_rule,1,31/03/2026 19:12:50
92e8905f-fed8-4689-b681-34404418f678,1783,L13_timestamp_fraud,sql_rule,1,31/03/2026 19:12:50
9994ec2a-a904-4b3e-8de3-5ff53b8dbc31,1784,L13_timestamp_fraud,sql_rule,1,31/03/2026 19:12:50
e358d94f-1485-40ff-a1aa-c0593f94113f,1785,L13_timestamp_fraud,sql_rule,1,31/03/2026 19:12:50
02af906d-7c45-4415-a2d2-0bd9bb70b05f,1787,L13_timestamp_fraud,sql_rule,1,31/03/2026 19:12:50
9671fd17-5ed4-4985-bb52-64dcc2dc4d4c,1788,L13_timestamp_fraud,sql_rule,1,31/03/2026 19:12:50
3a6d2353-5b9f-483b-b40a-32f1b2990f09,1792,L13_timestamp_fraud,sql_rule,1,31/03/2026 19:12:50
50c03ace-2f03-4f7f-b9c6-dfeeb25410e9,1795,L13_timestamp_fraud,sql_rule,1,31/03/2026 19:12:50
d3830564-dd58-4093-a325-52fb8cca66a1,1795,L13_timestamp_fraud,sql_rule,1,31/03/2026 19:12:50
ce6d34e1-cedf-4e8f-9067-a08a7414bbbc,1796,L13_timestamp_fraud,sql_rule,1,31/03/2026 19:12:50
31de4740-0f25-4879-9af6-9ef88512d257,1798,L13_timestamp_fraud,sql_rule,1,31/03/2026 19:12:50
5c346835-e32a-4a2e-87a6-9ebd5dea17f1,1798,L13_timestamp_fraud,sql_rule,1,31/03/2026 19:12:50
2b3cf0cc-2e5c-4d66-9859-6ad5175b4884,1798,L13_timestamp_fraud,sql_rule,1,31/03/2026 19:12:50
42035391-683e-46df-a679-ca03645c2d44,1801,L13_timestamp_fraud,sql_rule,1,31/03/2026 19:12:50
991abf70-1914-4d4e-8e5e-6922f3989997,1801,L13_timestamp_fraud,sql_rule,1,31/03/2026 19:12:50
d663850f-fe88-4a84-bba6-5fc28eb2ac35,1808,L13_timestamp_fraud,sql_rule,1,31/03/2026 19:12:50
4d6cf016-db4d-4186-bd45-f90e106752c5,1809,L13_timestamp_fraud,sql_rule,1,31/03/2026 19:12:50
6f67c8df-854b-4e3e-b2b1-4cd12575cafb,1810,L13_timestamp_fraud,sql_rule,1,31/03/2026 19:12:50
194742db-8482-4ff0-be92-f238d7311405,1814,L13_timestamp_fraud,sql_rule,1,31/03/2026 19:12:50
a61bb60d-0fe6-4ffb-b8e1-ef87d12b9521,1815,L13_timestamp_fraud,sql_rule,1,31/03/2026 19:12:50
79b602e8-58cd-4bd9-b73a-8ef52ceedfc8,1815,L13_timestamp_fraud,sql_rule,1,31/03/2026 19:12:50
5a3f1bf2-f65a-4eba-8280-5c1e718931d1,1816,L13_timestamp_fraud,sql_rule,1,31/03/2026 19:12:50
2203a12d-ad17-4fb4-9402-a6576697f9a3,1817,L13_timestamp_fraud,sql_rule,1,31/03/2026 19:12:50
950df954-61db-4333-bad7-24fb5af3c18b,1819,L13_timestamp_fraud,sql_rule,1,31/03/2026 19:12:50
527a69d8-261d-4adb-9be5-d62e825f9d61,1825,L13_timestamp_fraud,sql_rule,1,31/03/2026 19:12:50
0740146e-74f3-4503-b711-fef81c999775,1827,L13_timestamp_fraud,sql_rule,1,31/03/2026 19:12:50
59c8ff76-a705-4b02-b1e8-e7aef000b31c,1830,L13_timestamp_fraud,sql_rule,1,31/03/2026 19:12:50
345635a0-de71-441c-acc1-8c64dc6cb242,1830,L13_timestamp_fraud,sql_rule,1,31/03/2026 19:12:50
7e24a69c-234f-4725-ae3c-d6503ad494e6,1836,L13_timestamp_fraud,sql_rule,1,31/03/2026 19:12:50
e722693c-3eb8-4264-82ce-3c0caa8b7160,1837,L13_timestamp_fraud,sql_rule,1,31/03/2026 19:12:50
a510e8cf-0772-45b3-a718-47e091b186b0,1839,L13_timestamp_fraud,sql_rule,1,31/03/2026 19:12:50
cd99b0e8-3842-49cd-bf93-64bb7f73f1b2,1843,L13_timestamp_fraud,sql_rule,1,31/03/2026 19:12:50
008830f5-98ce-4f8c-96b4-6932afa4874e,1847,L13_timestamp_fraud,sql_rule,1,31/03/2026 19:12:50
0b170861-d272-4779-9b94-e7f683b4945b,1850,L13_timestamp_fraud,sql_rule,1,31/03/2026 19:12:50
19d39a12-73f0-4f24-8326-197ff6aa30b1,1852,L13_timestamp_fraud,sql_rule,1,31/03/2026 19:12:50
bc1b4fc8-7595-44cd-b735-4349ad0aa57a,1853,L13_timestamp_fraud,sql_rule,1,31/03/2026 19:12:50
01a165fd-b00e-4ce0-bdc1-4b005b4342d4,1860,L13_timestamp_fraud,sql_rule,1,31/03/2026 19:12:50
07097758-bcf7-46ac-bef4-2b6ef7803185,1860,L13_timestamp_fraud,sql_rule,1,31/03/2026 19:12:50
84b47f6b-56a5-4acb-b2b8-98efa7fdb69c,1862,L13_timestamp_fraud,sql_rule,1,31/03/2026 19:12:50
594dd576-26b1-4234-a551-ea9970a73fdc,1862,L13_timestamp_fraud,sql_rule,1,31/03/2026 19:12:50
c623e0fa-98d3-49dc-8a23-00687e1a55d5,1864,L13_timestamp_fraud,sql_rule,1,31/03/2026 19:12:50
5bbefaae-6bc4-4c38-848b-3be23c5281cc,1867,L13_timestamp_fraud,sql_rule,1,31/03/2026 19:12:50
50b6cc5f-58fb-49fe-93c4-c9fa4d790f27,1867,L13_timestamp_fraud,sql_rule,1,31/03/2026 19:12:50
f206279a-b88b-45fd-9b05-fb64e3ed6cb8,1870,L13_timestamp_fraud,sql_rule,1,31/03/2026 19:12:50
74347850-d0da-454c-917f-bf871ab7cf98,1872,L13_timestamp_fraud,sql_rule,1,31/03/2026 19:12:50
a4429c75-6376-4b26-b578-a8e30cb1f621,1872,L13_timestamp_fraud,sql_rule,1,31/03/2026 19:12:50
9c7e28d0-1954-4856-94a8-22b92cdc55fb,1873,L13_timestamp_fraud,sql_rule,1,31/03/2026 19:12:50
c75dd779-a54c-40d5-b7ea-83af43828d3c,1874,L13_timestamp_fraud,sql_rule,1,31/03/2026 19:12:50
0dde87f4-abb0-4ed1-b7e8-f35dc2c2859e,1874,L13_timestamp_fraud,sql_rule,1,31/03/2026 19:12:50
0d5530ed-87e9-49c2-a254-8a976516a978,1875,L13_timestamp_fraud,sql_rule,1,31/03/2026 19:12:50
ee4b0694-2fdd-4372-aa69-185bcb1fa380,1879,L13_timestamp_fraud,sql_rule,1,31/03/2026 19:12:50
e7b3966c-a7df-4caa-ae26-57a201520b43,1880,L13_timestamp_fraud,sql_rule,1,31/03/2026 19:12:50
898caeaa-7964-4527-94db-3b529dab75af,1882,L13_timestamp_fraud,sql_rule,1,31/03/2026 19:12:50
690b67a7-eb5a-461e-9530-bd374e4123d9,1886,L13_timestamp_fraud,sql_rule,1,31/03/2026 19:12:50
89e8d589-dd58-4173-b70e-3b391b046407,1895,L13_timestamp_fraud,sql_rule,1,31/03/2026 19:12:50
3e753627-0f79-4326-adc9-c39d8374842d,1895,L13_timestamp_fraud,sql_rule,1,31/03/2026 19:12:50
d8aeca6f-9bb7-497e-ae59-b69c0af3819c,1896,L13_timestamp_fraud,sql_rule,1,31/03/2026 19:12:50
d53e3d17-736c-460a-93cf-edfcf91dc15a,1896,L13_timestamp_fraud,sql_rule,1,31/03/2026 19:12:50
a55949f4-b7fa-4a48-b5e0-cc61b0d90ecc,1899,L13_timestamp_fraud,sql_rule,1,31/03/2026 19:12:50
758d1ae2-0e14-4c4f-b097-3580d6b1a91b,1899,L13_timestamp_fraud,sql_rule,1,31/03/2026 19:12:50
cc6540ec-429e-4d82-8d38-181ce5e455ad,1902,L13_timestamp_fraud,sql_rule,1,31/03/2026 19:12:50
1201506c-8627-4f0a-b17c-635a0bf666ef,1903,L13_timestamp_fraud,sql_rule,1,31/03/2026 19:12:50
e5ee7632-a6f6-4a67-a29c-f6d2de19f78c,1906,L13_timestamp_fraud,sql_rule,1,31/03/2026 19:12:50
bde760f3-bb51-48c3-8d9e-6b1b9a1b1b2b,1908,L13_timestamp_fraud,sql_rule,1,31/03/2026 19:12:50
f53be3fc-3207-4b76-97c8-cc0a41be41e5,1909,L13_timestamp_fraud,sql_rule,1,31/03/2026 19:12:50
bb57da4d-83f1-40ce-961b-74f9b38358c5,1910,L13_timestamp_fraud,sql_rule,1,31/03/2026 19:12:50
1d3f05f3-a416-481e-9441-3e4c7fc25b1d,1911,L13_timestamp_fraud,sql_rule,1,31/03/2026 19:12:50
a8711c2b-69b5-4d4b-9e9e-0b99f04167ee,1912,L13_timestamp_fraud,sql_rule,1,31/03/2026 19:12:50
9ea19baf-f7f1-4cc8-99d1-194949f47209,1913,L13_timestamp_fraud,sql_rule,1,31/03/2026 19:12:50
39acb30d-f213-41df-9568-7ce2d0923f92,1913,L13_timestamp_fraud,sql_rule,1,31/03/2026 19:12:50
77d4882b-c910-4757-940a-89d995a13c46,1914,L13_timestamp_fraud,sql_rule,1,31/03/2026 19:12:50
a0a717f1-ca79-4d6d-96a7-a71df57bb6f8,1914,L13_timestamp_fraud,sql_rule,1,31/03/2026 19:12:50
fede28b2-6082-4956-820b-9d97723d96ba,1918,L13_timestamp_fraud,sql_rule,1,31/03/2026 19:12:50
4056bdf9-13fc-492b-8028-843306135b02,1920,L13_timestamp_fraud,sql_rule,1,31/03/2026 19:12:50
d66e8bd2-72a6-4904-aca4-494f4fa87d5e,1920,L13_timestamp_fraud,sql_rule,1,31/03/2026 19:12:50
4e8e5d4c-a09a-4cca-9c1a-d2a637b2af0f,1927,L13_timestamp_fraud,sql_rule,1,31/03/2026 19:12:50
1b80c243-f097-445f-b87b-3df56780339f,1927,L13_timestamp_fraud,sql_rule,1,31/03/2026 19:12:50
d6994766-3bb4-42fb-b148-b6f00e1d906f,1929,L13_timestamp_fraud,sql_rule,1,31/03/2026 19:12:50
0625f42e-f65c-40de-bae6-d896329e5997,1929,L13_timestamp_fraud,sql_rule,1,31/03/2026 19:12:50
a06b30f6-3d90-46f0-a599-e916e295add6,1933,L13_timestamp_fraud,sql_rule,1,31/03/2026 19:12:50
5e71f5a8-6851-4ae5-be37-ff175abbd290,1934,L13_timestamp_fraud,sql_rule,1,31/03/2026 19:12:50
fd0bceca-54b9-4c18-ae48-fb31f85414a6,1935,L13_timestamp_fraud,sql_rule,1,31/03/2026 19:12:50
bb2ac88a-6322-4a53-8814-046141038e8e,1935,L13_timestamp_fraud,sql_rule,1,31/03/2026 19:12:50
e05d914c-c663-4a5c-8f16-05cf605cf304,1936,L13_timestamp_fraud,sql_rule,1,31/03/2026 19:12:50
a4411cda-e331-4ad3-bc19-99594f91cd6e,1945,L13_timestamp_fraud,sql_rule,1,31/03/2026 19:12:50
f5dae85b-8a1c-4f3b-ae9b-1f48d5589601,1947,L13_timestamp_fraud,sql_rule,1,31/03/2026 19:12:50
96d97109-9b8a-4bbb-89be-dbdd734f9c62,1948,L13_timestamp_fraud,sql_rule,1,31/03/2026 19:12:50
779f819e-0ec2-4258-a274-0311c0c3b25e,1949,L13_timestamp_fraud,sql_rule,1,31/03/2026 19:12:50
7472297e-5a74-4e9d-804a-4ad93225d0d0,1951,L13_timestamp_fraud,sql_rule,1,31/03/2026 19:12:50
4d58274c-fc24-4a81-8d09-5afce8addb1d,1952,L13_timestamp_fraud,sql_rule,1,31/03/2026 19:12:50
c4e423d5-20b2-498f-9cee-01d27f44f642,1956,L13_timestamp_fraud,sql_rule,1,31/03/2026 19:12:50
2eff6bed-19ff-4a82-8dc6-daf6d34d9c8b,1959,L13_timestamp_fraud,sql_rule,1,31/03/2026 19:12:50
7ee61c01-a53d-4cee-9c76-8b88271faee4,1960,L13_timestamp_fraud,sql_rule,1,31/03/2026 19:12:50
ac772abd-7295-4b47-8e3a-5c9eafde9849,1965,L13_timestamp_fraud,sql_rule,1,31/03/2026 19:12:50
42b07ff7-fcec-4e05-986a-d4e868e4e3e3,1965,L13_timestamp_fraud,sql_rule,1,31/03/2026 19:12:50
abf31806-6ca1-4604-8499-a4c16948451c,1971,L13_timestamp_fraud,sql_rule,1,31/03/2026 19:12:50
b724ceaa-c7bc-4452-a406-6461779a1a49,1972,L13_timestamp_fraud,sql_rule,1,31/03/2026 19:12:50
78303dc1-1542-410b-be9d-37c0aae562b7,1973,L13_timestamp_fraud,sql_rule,1,31/03/2026 19:12:50
dfd37e93-05e4-4183-a807-b3c92409c9b3,1977,L13_timestamp_fraud,sql_rule,1,31/03/2026 19:12:50
7ff597ff-1b12-4968-a519-27ce51e093a4,1978,L13_timestamp_fraud,sql_rule,1,31/03/2026 19:12:50
12011d45-b567-4023-943f-bbf7cd1cae30,1980,L13_timestamp_fraud,sql_rule,1,31/03/2026 19:12:50
e115cfd7-4efa-493f-a3a7-089464b46eba,1980,L13_timestamp_fraud,sql_rule,1,31/03/2026 19:12:50
54a533b6-4a44-4530-afc2-4e548f1ea05a,1981,L13_timestamp_fraud,sql_rule,1,31/03/2026 19:12:50
87af7eca-1d89-41c0-a26f-5ec1f47b10b9,1982,L13_timestamp_fraud,sql_rule,1,31/03/2026 19:12:50
dc853a66-5f16-4516-919e-e8bb71c56432,1985,L13_timestamp_fraud,sql_rule,1,31/03/2026 19:12:50
9d8e66d6-8584-4103-963f-25dd67d9757a,1988,L13_timestamp_fraud,sql_rule,1,31/03/2026 19:12:50
c0ffb8d5-ecd1-4bc1-a238-1cd0eca40f2b,1988,L13_timestamp_fraud,sql_rule,1,31/03/2026 19:12:50
41989974-168c-4418-b596-bf5864a0624b,1989,L13_timestamp_fraud,sql_rule,1,31/03/2026 19:12:50
69e1d778-f456-4386-bbab-03bdcca734ed,1992,L13_timestamp_fraud,sql_rule,1,31/03/2026 19:12:50
10609c46-6360-4ba3-97fd-7cd31a121fff,1993,L13_timestamp_fraud,sql_rule,1,31/03/2026 19:12:50
1c56b21a-e6bf-4fdc-a1fe-f01aaf79fe68,1994,L13_timestamp_fraud,sql_rule,1,31/03/2026 19:12:50
ad82eca7-d24b-488d-9010-f213d5598595,2000,L13_timestamp_fraud,sql_rule,1,31/03/2026 19:12:50